{
  "baseline_prove_seconds": 3.0,
  "iters": 30,
  "results": [
    {
      "added_latency_ms_median": 30.748807,
      "added_latency_ms_p95": 81.325785,
      "build_ms": 9.907374,
      "d": 64,
      "proof_bytes": 94060,
      "prove_ms_median": 26.355342,
      "prove_ms_p95": 76.670006,
      "prove_speedup_vs_baseline_3s": 113.82891559517611,
      "verify_ms_median": 4.507802,
      "verify_ms_p95": 7.759455999999999
    },
    {
      "added_latency_ms_median": 55.437247000000006,
      "added_latency_ms_p95": 80.571947,
      "build_ms": 30.063913,
      "d": 256,
      "proof_bytes": 103404,
      "prove_ms_median": 48.700711,
      "prove_ms_p95": 74.545661,
      "prove_speedup_vs_baseline_3s": 61.6007433649172,
      "verify_ms_median": 4.88259,
      "verify_ms_p95": 8.230813
    },
    {
      "added_latency_ms_median": 200.904867,
      "added_latency_ms_p95": 269.196407,
      "build_ms": 96.298839,
      "d": 1024,
      "proof_bytes": 121480,
      "prove_ms_median": 193.542959,
      "prove_ms_p95": 260.088403,
      "prove_speedup_vs_baseline_3s": 15.500434712274913,
      "verify_ms_median": 7.226464999999999,
      "verify_ms_p95": 9.712677
    }
  ]
}